Order ID,Order Date,Origin Port,Carrier,TPT,Service Level,Ship ahead day count,Ship Late Day count,Customer,Product ID,Plant Code,Destination Port,Unit quantity,Weight,month,day_of_week,is_late,is_early,on_time,weight_per_unit,delay_severity,ai_efficiency_score,ai_recommendation
1447305235.7,2013-05-26,PORT04,V444_0,2,DTP,0,0,V55555555_5,1672712,PLANT03,PORT09,383,5.873333333333334,2013-05,Sunday,0,0,1,0.0153,On time,0.3989,Monitor
1447400291.7,2013-05-26,PORT04,V444_0,2,DTP,0,0,V55_13,1684703,PLANT03,PORT09,963,9.595580707976794,2013-05,Sunday,0,0,1,0.01,On time,0.4595,Monitor
1447245106.7,2013-05-26,PORT04,V444_1,1,DTD,0,0,V5555555_22,1683634,PLANT03,PORT09,494,3.479239956417742,2013-05,Sunday,0,0,1,0.007,On time,0.5396,Monitor
1447364606.7,2013-05-26,PORT04,V444_0,2,DTP,0,0,V555555555_14,1700118,PLANT03,PORT09,314,3.5334596530568723,2013-05,Sunday,0,0,1,0.0113,On time,0.3579,Monitor
1447308362.7,2013-05-26,PORT04,V444_0,2,DTP,0,0,V5555_33,1688285,PLANT03,PORT09,284,0.8794647523691408,2013-05,Sunday,0,0,1,0.0031,On time,0.3386,Monitor
1447377266.7,2013-05-26,PORT04,V444_0,2,DTP,3,0,V555555_6,1672713,PLANT03,PORT09,370,4.300859598853869,2013-05,Sunday,0,1,0,0.0116,On time,0.4786,Monitor
1447175364.7,2013-05-26,PORT04,V444_1,1,DTD,5,0,V55555555555555_8,1689541,PLANT03,PORT09,457,26.500000000000004,2013-05,Sunday,0,1,0,0.058,On time,0.6697,High efficiency
1447371274.7,2013-05-26,PORT04,V444_1,2,DTD,0,0,V555555_11,1686764,PLANT12,PORT09,348,2.05645891266875,2013-05,Sunday,0,0,1,0.0059,On time,0.3829,Monitor
1447178040.7,2013-05-26,PORT04,V444_1,1,DTD,5,0,V55555555555555_8,1676563,PLANT03,PORT09,337,1.9558528428093647,2013-05,Sunday,0,1,0,0.0058,On time,0.6286,Monitor
1447145131.7,2013-05-26,PORT04,V444_1,1,DTD,0,0,V5555555_22,1676565,PLANT03,PORT09,375,1.3186475263969635,2013-05,Sunday,0,0,1,0.0035,On time,0.5122,Monitor
1447308856.7,2013-05-26,PORT04,V444_0,2,DTP,0,0,V555555555555555_29,1688587,PLANT03,PORT09,349,4.560381447015651,2013-05,Sunday,0,0,1,0.0131,On time,0.3835,Monitor
1447423383.7,2013-05-26,PORT04,V444_0,2,DTP,5,0,V55555555_7,1699540,PLANT09,PORT09,29043,52.6914856040445,2013-05,Sunday,0,1,0,0.0018,On time,0.6513,Monitor
1447302713.7,2013-05-26,PORT04,V444_0,2,DTP,0,0,V55555555555_28,1685028,PLANT03,PORT09,35240,29.783402964229637,2013-05,Sunday,0,0,1,0.0008,On time,0.5164,Monitor
1447360742.7,2013-05-26,PORT04,V444_0,2,DTP,0,0,V555555555555555_29,1688587,PLANT03,PORT09,378,4.560381447015651,2013-05,Sunday,0,0,1,0.0121,On time,0.3968,Monitor
1447317067.7,2013-05-26,PORT04,V444_1,1,DTD,5,0,V55555555555555_8,1689546,PLANT03,PORT09,379,4.597526498580886,2013-05,Sunday,0,1,0,0.0121,On time,0.6499,Monitor
1447146532.7,2013-05-26,PORT04,V444_0,2,DTP,3,0,V55555_4,1652080,PLANT03,PORT09,411,1.74,2013-05,Sunday,0,1,0,0.0042,On time,0.4922,Monitor
1447225200.7,2013-05-26,PORT04,V444_1,1,DTD,5,0,V55555555555555_8,1688629,PLANT03,PORT09,480,13.349224854262477,2013-05,Sunday,0,1,0,0.0278,On time,0.6733,High efficiency
1447243153.7,2013-05-26,PORT04,V444_1,1,DTD,5,0,V55555555555555_8,1658532,PLANT03,PORT09,1086,7.74,2013-05,Sunday,0,1,0,0.0071,On time,0.7156,High efficiency
1447382543.7,2013-05-26,PORT04,V444_0,2,DTP,0,0,V55555555_5,1688575,PLANT03,PORT09,1312,82.43409286184647,2013-05,Sunday,0,0,1,0.0628,On time,0.4732,Monitor
1447167708.7,2013-05-26,PORT04,V444_1,1,DTD,0,0,V5555555_22,1672676,PLANT03,PORT09,802,15.399999999999999,2013-05,Sunday,0,0,1,0.0192,On time,0.5681,Monitor
1447168028.7,2013-05-26,PORT04,V444_0,2,DTP,5,0,V55555555_7,1689546,PLANT03,PORT09,654,25.286395742194873,2013-05,Sunday,0,1,0,0.0387,On time,0.5763,Monitor
1447306374.7,2013-05-26,PORT04,V444_1,1,DTD,0,0,V5555555_22,1683636,PLANT03,PORT09,379,1.8808778793363117,2013-05,Sunday,0,0,1,0.005,On time,0.5139,Monitor
1447187319.7,2013-05-26,PORT04,V444_1,1,DTD,5,0,V55555555555555_8,1689547,PLANT03,PORT09,734,29.79450874925531,2013-05,Sunday,0,1,0,0.0406,On time,0.6988,High efficiency
1447373510.7,2013-05-26,PORT04,V44_3,2,CRF,3,0,V55555_2,1660551,PLANT03,PORT09,323,1.200792864222002,2013-05,Sunday,0,1,0,0.0037,On time,0.45,Monitor
1447297185.7,2013-05-26,PORT04,V444_0,2,DTP,3,0,V555555555_3,1682832,PLANT03,PORT09,377,8.903225183661748,2013-05,Sunday,0,1,0,0.0236,On time,0.4816,Monitor
1447347897.7,2013-05-26,PORT04,V444_0,2,DTP,0,0,V5555_33,1689547,PLANT03,PORT09,316,0.14397254374627655,2013-05,Sunday,0,0,1,0.0005,On time,0.3594,Monitor
1447317056.7,2013-05-26,PORT04,V444_0,2,DTP,0,0,V55555_26,1672706,PLANT03,PORT09,394,8.16,2013-05,Sunday,0,0,1,0.0207,On time,0.4022,Monitor
1447299519.7,2013-05-26,PORT04,V444_1,1,DTD,5,0,V55555555555555_8,1699369,PLANT03,PORT09,1263,2.672789038738373,2013-05,Sunday,0,1,0,0.0021,On time,0.7218,High efficiency
1447302863.7,2013-05-26,PORT04,V444_0,2,DTP,0,0,V55_13,1696754,PLANT03,PORT09,271,1.494384590253691,2013-05,Sunday,0,0,1,0.0055,On time,0.332,Monitor
1447320215.7,2013-05-26,PORT04,V444_0,2,DTP,0,0,V5555_33,1683403,PLANT03,PORT09,332,0.7719908936754829,2013-05,Sunday,0,0,1,0.0023,On time,0.3712,Monitor
1447224290.7,2013-05-26,PORT04,V444_0,2,DTP,5,0,V55555555_7,1692940,PLANT03,PORT09,865,19.2,2013-05,Sunday,0,1,0,0.0222,On time,0.5912,Monitor
1447373454.7,2013-05-26,PORT04,V444_0,2,DTP,3,0,V55555_2,1654621,PLANT03,PORT09,556,4.321554770318022,2013-05,Sunday,0,1,0,0.0078,On time,0.5163,Monitor
1447223761.7,2013-05-26,PORT04,V444_1,1,DTD,5,0,V55555555555555_8,1651298,PLANT03,PORT09,2283,4.596727272727272,2013-05,Sunday,0,1,0,0.002,On time,0.7399,High efficiency
1447306521.7,2013-05-26,PORT04,V444_0,2,DTP,0,0,V5555_33,1677891,PLANT03,PORT09,1520,3.9420952690355326,2013-05,Sunday,0,0,1,0.0026,On time,0.4776,Monitor
1447290158.7,2013-05-26,PORT04,V444_0,2,DTP,0,0,V555555555_14,1696756,PLANT03,PORT09,415,6.74,2013-05,Sunday,0,0,1,0.0162,On time,0.4077,Monitor
1447300220.7,2013-05-26,PORT04,V444_0,2,DTP,3,0,V55555_2,1668545,PLANT03,PORT09,343,0.9509223016524084,2013-05,Sunday,0,1,0,0.0028,On time,0.4656,Monitor
1447369632.7,2013-05-26,PORT04,V444_0,2,DTP,0,0,V555555555_27,1672722,PLANT03,PORT09,362,2.2230288522111628,2013-05,Sunday,0,0,1,0.0061,On time,0.3898,Monitor
1447369902.7,2013-05-26,PORT04,V444_0,2,DTP,0,0,V555555555_27,1692114,PLANT03,PORT09,446,1.7768643827176072,2013-05,Sunday,0,0,1,0.004,On time,0.4151,Monitor
1447386296.7,2013-05-26,PORT04,V44_3,0,CRF,0,0,V5555555_30,1699799,PLANT03,PORT09,2745,2.0957958942676056,2013-05,Sunday,0,0,1,0.0008,On time,0.6421,Monitor
1447169058.7,2013-05-26,PORT04,V444_1,1,DTD,5,0,V55555555555555_8,1693747,PLANT03,PORT09,498,30.84,2013-05,Sunday,0,1,0,0.0619,On time,0.6766,High efficiency
1447312017.7,2013-05-26,PORT04,V444_0,2,DTP,0,0,V5555_33,1688575,PLANT03,PORT09,256,0.18086818572369293,2013-05,Sunday,0,0,1,0.0007,On time,0.3256,Needs improvement
1447374468.7,2013-05-26,PORT04,V444_1,1,DTD,1,0,V555555555555555555_17,1677878,PLANT03,PORT09,2320,5.96,2013-05,Sunday,0,1,0,0.0026,On time,0.6549,Monitor
1447423191.7,2013-05-26,PORT04,V444_0,2,DTP,5,0,V55555555_7,1675615,PLANT03,PORT09,941,5.300000000000001,2013-05,Sunday,0,1,0,0.0056,On time,0.5947,Monitor
1447133758.7,2013-05-26,PORT04,V444_0,2,DTP,0,0,V55555_26,1664067,PLANT03,PORT09,17653,134.7408573319591,2013-05,Sunday,0,0,1,0.0076,On time,0.5128,Monitor
1447234870.7,2013-05-26,PORT04,V444_0,2,DTP,3,0,V5555555_22,1683199,PLANT03,PORT09,1124,16.249592659338717,2013-05,Sunday,0,1,0,0.0145,On time,0.5494,Monitor
1447423186.7,2013-05-26,PORT04,V444_0,2,DTP,5,0,V55555555_7,1675615,PLANT03,PORT09,640,3.5381479209135738,2013-05,Sunday,0,1,0,0.0055,On time,0.5748,Monitor
1447348790.7,2013-05-26,PORT04,V444_0,2,DTP,0,0,V55555555_5,1685213,PLANT03,PORT09,254,0.7615031492873303,2013-05,Sunday,0,0,1,0.003,On time,0.3246,Needs improvement
1447320592.7,2013-05-26,PORT04,V44_3,0,CRF,3,0,V55555555_32,1699697,PLANT03,PORT09,10256,6.6157474876997,2013-05,Sunday,0,1,0,0.0006,On time,0.7448,High efficiency
1447306328.7,2013-05-26,PORT04,V444_1,1,DTD,0,0,V5555555_22,1683634,PLANT03,PORT09,659,6.687872360669659,2013-05,Sunday,0,0,1,0.0101,On time,0.5573,Monitor
1447163000.7,2013-05-26,PORT04,V444_0,2,DTP,0,0,V555555555_27,1690006,PLANT03,PORT09,1274,12.24268043522798,2013-05,Sunday,0,0,1,0.0096,On time,0.4699,Monitor
1447331404.7,2013-05-26,PORT04,V444_1,1,DTD,5,0,V55555555555555_8,1690630,PLANT03,PORT09,336,2.6168170389153724,2013-05,Sunday,0,1,0,0.0078,On time,0.6277,Monitor
1447155283.7,2013-05-26,PORT04,V444_1,1,DTD,1,0,V555555555555555555_17,1676942,PLANT03,PORT09,4277,6.622817869415807,2013-05,Sunday,0,1,0,0.0015,On time,0.665,High efficiency
1447398416.7,2013-05-26,PORT09,V44_3,1,CRF,3,0,V55555_53,1700035,PLANT16,PORT09,3266,43.2,2013-05,Sunday,0,1,0,0.0132,On time,0.6962,High efficiency
1447286379.7,2013-05-26,PORT04,V444_0,2,DTP,0,0,V5555_33,1677891,PLANT03,PORT09,2059,5.48,2013-05,Sunday,0,0,1,0.0027,On time,0.4833,Monitor
1447327214.7,2013-05-26,PORT04,V444_0,2,DTP,3,0,V555555_6,1668547,PLANT03,PORT09,1274,7.966430869576666,2013-05,Sunday,0,1,0,0.0063,On time,0.5552,Monitor
1447226801.7,2013-05-26,PORT04,V444_0,2,DTP,5,0,V55555555_7,1687353,PLANT12,PORT09,334,5.486231884057972,2013-05,Sunday,0,1,0,0.0164,On time,0.5091,Monitor
1447267381.7,2013-05-26,PORT04,V444_0,2,DTP,0,0,V55555555_5,1696654,PLANT03,PORT09,403,3.470229508749958,2013-05,Sunday,0,0,1,0.0086,On time,0.4046,Monitor
1447329828.7,2013-05-26,PORT04,V444_1,1,DTD,5,0,V55555555555555_8,1689547,PLANT03,PORT09,435,14.397254374627655,2013-05,Sunday,0,1,0,0.0331,On time,0.6653,High efficiency
1447350250.7,2013-05-26,PORT04,V444_0,2,DTP,0,0,V5555_33,1677891,PLANT03,PORT09,3112,9.22,2013-05,Sunday,0,0,1,0.003,On time,0.4932,Monitor
1447173858.7,2013-05-26,PORT04,V444_0,2,DTP,5,0,V55555555_7,1668545,PLANT03,PORT09,426,1.0565803351693426,2013-05,Sunday,0,1,0,0.0025,On time,0.5466,Monitor
1447323930.7,2013-05-26,PORT04,V444_0,2,DTP,0,0,V55555_26,1675655,PLANT03,PORT09,458,1.7084310080025857,2013-05,Sunday,0,0,1,0.0037,On time,0.4172,Monitor
1447376806.7,2013-05-26,PORT04,V444_0,2,DTP,0,0,V555555555_35,1682835,PLANT03,PORT09,302,0.8225439476837746,2013-05,Sunday,0,0,1,0.0027,On time,0.3503,Monitor
1447407856.7,2013-05-26,PORT04,V44_3,0,CRF,3,0,V55555555_32,1699539,PLANT03,PORT09,1216,2.905743511346457,2013-05,Sunday,0,1,0,0.0024,On time,0.7027,High efficiency
1447282433.7,2013-05-26,PORT04,V444_0,2,DTP,0,0,V555555555_27,1655818,PLANT03,PORT09,8273,23.96,2013-05,Sunday,0,0,1,0.0029,On time,0.5067,Monitor
1447178897.7,2013-05-26,PORT04,V444_0,2,DTP,0,0,V55555555_5,1660585,PLANT03,PORT09,482,14.16,2013-05,Sunday,0,0,1,0.0294,On time,0.4209,Monitor
1447396704.7,2013-05-26,PORT04,V444_0,2,DTP,0,0,V55_13,1694720,PLANT03,PORT09,255,0.1723660720501186,2013-05,Sunday,0,0,1,0.0007,On time,0.3252,Needs improvement
1447245233.7,2013-05-26,PORT04,V444_1,1,DTD,0,0,V5555555_22,1682826,PLANT03,PORT09,933,51.61911665654673,2013-05,Sunday,0,0,1,0.0553,On time,0.575,Monitor
1447418044.7,2013-05-26,PORT04,V444_0,2,DTP,0,0,V5555_33,1688292,PLANT03,PORT09,256,1.0960186791998714,2013-05,Sunday,0,0,1,0.0043,On time,0.3256,Needs improvement
1447334918.7,2013-05-26,PORT04,V444_0,2,DTP,0,0,V555555_24,1689548,PLANT03,PORT09,360,6.25630216100582,2013-05,Sunday,0,0,1,0.0174,On time,0.389,Monitor
1447231157.7,2013-05-26,PORT04,V444_1,1,DTD,3,0,V5555555_19,1692109,PLANT03,PORT09,1252,7.062680076268674,2013-05,Sunday,0,1,0,0.0056,On time,0.6702,High efficiency
1447326460.7,2013-05-26,PORT04,V444_0,2,DTP,0,0,V555555555_27,1620510,PLANT03,PORT09,615,4.84,2013-05,Sunday,0,0,1,0.0079,On time,0.4365,Monitor
1447374136.7,2013-05-26,PORT04,V444_0,2,DTP,0,0,V55555555555_28,1666443,PLANT03,PORT09,18294,14.180956553065867,2013-05,Sunday,0,0,1,0.0008,On time,0.5132,Monitor
1447405974.7,2013-05-26,PORT04,V444_1,1,DTD,0,0,V5555555_22,1682826,PLANT03,PORT09,823,37.2089650456022,2013-05,Sunday,0,0,1,0.0452,On time,0.5694,Monitor
1447400256.7,2013-05-26,PORT04,V444_0,2,DTP,0,0,V55555555555_28,1700140,PLANT03,PORT09,17111,10.792175506474926,2013-05,Sunday,0,0,1,0.0006,On time,0.5127,Monitor
1447198596.7,2013-05-26,PORT04,V444_0,2,DTP,3,0,V555555_6,1682739,PLANT03,PORT09,317,6.173256537982566,2013-05,Sunday,0,1,0,0.0195,On time,0.4455,Monitor
1447327935.7,2013-05-26,PORT04,V444_0,2,DTP,0,0,V5555_33,1677891,PLANT03,PORT09,1584,4.252965197969543,2013-05,Sunday,0,0,1,0.0027,On time,0.4781,Monitor
1447365770.7,2013-05-26,PORT04,V444_0,2,DTP,3,0,V555555_6,1687661,PLANT03,PORT09,238,0.04960000000000001,2013-05,Sunday,0,1,0,0.0002,On time,0.4056,Monitor
1447353038.7,2013-05-26,PORT04,V444_0,2,DTP,0,0,V5555555_30,1660885,PLANT03,PORT09,3291,21.68,2013-05,Sunday,0,0,1,0.0066,On time,0.4947,Monitor
1447175754.7,2013-05-26,PORT04,V444_0,2,DTP,0,0,V55555555555_28,1667927,PLANT03,PORT09,66794,35.98001400452928,2013-05,Sunday,0,0,1,0.0005,On time,0.5188,Monitor
1447321401.7,2013-05-26,PORT04,V444_0,2,DTP,3,0,V55555_2,1700094,PLANT03,PORT09,286,0.6301690507152147,2013-05,Sunday,0,1,0,0.0022,On time,0.425,Monitor
1447425230.7,2013-05-26,PORT04,V444_1,1,DTD,0,0,V5555555_22,1692949,PLANT03,PORT09,1629,6.487784686427584,2013-05,Sunday,0,0,1,0.004,On time,0.5951,Monitor
1447188657.7,2013-05-26,PORT04,V444_0,2,DTP,0,0,V555555555_27,1636236,PLANT03,PORT09,539,6.38,2013-05,Sunday,0,0,1,0.0118,On time,0.4294,Monitor
1447258855.7,2013-05-26,PORT04,V444_0,2,DTP,0,0,V555555555_14,1668547,PLANT03,PORT09,5412,37.8,2013-05,Sunday,0,0,1,0.007,On time,0.5035,Monitor
1447370097.7,2013-05-26,PORT04,V444_0,2,DTP,0,0,V55555555_5,1655818,PLANT03,PORT09,2258,6.06,2013-05,Sunday,0,0,1,0.0027,On time,0.486,Monitor
1447300059.7,2013-05-26,PORT04,V444_0,2,DTP,3,0,V55555555_7,1652644,PLANT03,PORT09,270,0.6542521008403361,2013-05,Sunday,0,1,0,0.0024,On time,0.4168,Monitor
1447229295.7,2013-05-26,PORT04,V444_0,2,DTP,3,0,V55555_4,1650904,PLANT03,PORT09,664,6.292058823529412,2013-05,Sunday,0,1,0,0.0095,On time,0.5264,Monitor
1447327242.7,2013-05-26,PORT04,V444_0,2,DTP,0,0,V555555555555555_29,1688575,PLANT03,PORT09,295,4.521704643092323,2013-05,Sunday,0,0,1,0.0153,On time,0.3455,Monitor
1447347948.7,2013-05-26,PORT04,V444_0,2,DTP,3,1,V555_15,1689548,PLANT03,PORT09,736,37.82477785052142,2013-05,Sunday,1,1,0,0.0514,Minor delay,0.3582,Monitor
1447195159.7,2013-05-26,PORT04,V444_0,2,DTP,3,0,V55555_2,1666954,PLANT03,PORT09,282,0.4254720523807233,2013-05,Sunday,0,1,0,0.0015,On time,0.4231,Monitor
1447169125.7,2013-05-26,PORT04,V444_1,1,DTD,5,0,V55555555555555_8,1689541,PLANT03,PORT09,423,13.585650446871886,2013-05,Sunday,0,1,0,0.0321,On time,0.6627,High efficiency
1447266884.7,2013-05-26,PORT04,V444_0,2,DTP,0,0,V55555_26,1666954,PLANT03,PORT09,837,7.54,2013-05,Sunday,0,0,1,0.009,On time,0.4539,Monitor
1447327253.7,2013-05-26,PORT04,V444_0,2,DTP,0,0,V555555555555555_29,1688575,PLANT03,PORT09,375,4.521704643092323,2013-05,Sunday,0,0,1,0.0121,On time,0.3955,Monitor
1447418036.7,2013-05-26,PORT04,V444_0,2,DTP,3,0,V55555_2,1674853,PLANT03,PORT09,339,4.364985163204746,2013-05,Sunday,0,1,0,0.0129,On time,0.463,Monitor
1447137153.7,2013-05-26,PORT04,V444_0,2,DTP,3,0,V55555555_5,1695348,PLANT03,PORT09,467,0.7037787799905876,2013-05,Sunday,0,1,0,0.0015,On time,0.5038,Monitor
1447398155.7,2013-05-26,PORT04,V444_0,2,DTP,0,0,V555555555_27,1675615,PLANT03,PORT09,1334,8.845369802283935,2013-05,Sunday,0,0,1,0.0066,On time,0.4752,Monitor
1447254053.7,2013-05-26,PORT09,V44_3,1,CRF,3,0,V55555_53,1696799,PLANT16,PORT09,2992,525.68,2013-05,Sunday,0,1,0,0.1757,On time,0.695,High efficiency
1447402643.7,2013-05-26,PORT04,V444_0,2,DTP,3,0,V55555_4,1636782,PLANT03,PORT09,297,2.164485020793804,2013-05,Sunday,0,1,0,0.0073,On time,0.4323,Monitor
1447334705.7,2013-05-26,PORT04,V444_0,2,DTP,0,0,V5555_33,1688285,PLANT03,PORT09,321,0.3908732232751737,2013-05,Sunday,0,0,1,0.0012,On time,0.3632,Monitor
1447200003.7,2013-05-26,PORT04,V444_0,2,DTP,0,3,V555555555_27,1699948,PLANT03,PORT09,2051,61.73709882738383,2013-05,Sunday,1,0,0,0.0301,Moderate delay,0.3062,Needs improvement
1447296426.7,2013-05-26,PORT04,V444_1,1,DTD,0,0,V555555555555555555_45,1688587,PLANT03,PORT09,442,13.410805372569458,2013-05,Sunday,0,0,1,0.0303,On time,0.531,Monitor
1447225275.7,2013-05-26,PORT04,V444_0,2,DTP,0,0,V5555_33,1689544,PLANT03,PORT09,264,1.7161945237724008,2013-05,Sunday,0,0,1,0.0065,On time,0.3288,Needs improvement
1447216455.7,2013-05-26,PORT04,V444_0,2,DTP,0,0,V555555555_14,1672344,PLANT08,PORT09,5645,40.63893872616503,2013-05,Sunday,0,0,1,0.0072,On time,0.5038,Monitor
1447261807.7,2013-05-26,PORT04,V444_1,1,DTD,5,0,V55555555555555_8,1676565,PLANT03,PORT09,331,1.240156602206668,2013-05,Sunday,0,1,0,0.0037,On time,0.6231,Monitor
1447198882.7,2013-05-26,PORT04,V444_0,2,DTP,3,0,V555555_6,1655723,PLANT03,PORT09,291,0.26510604125083076,2013-05,Sunday,0,1,0,0.0009,On time,0.4281,Monitor
1447356164.7,2013-05-26,PORT04,V444_0,2,DTP,0,0,V555555555555555_29,1688629,PLANT03,PORT09,523,16.936531067828096,2013-05,Sunday,0,0,1,0.0324,On time,0.4275,Monitor
1447155224.7,2013-05-26,PORT04,V444_0,2,DTP,0,0,V5555_33,1682648,PLANT03,PORT09,243,0.1780549213300768,2013-05,Sunday,0,0,1,0.0007,On time,0.3213,Needs improvement
1447173639.7,2013-05-26,PORT04,V444_0,2,DTP,3,0,V55555_4,1666396,PLANT03,PORT09,251,0.1483625171727076,2013-05,Sunday,0,1,0,0.0006,On time,0.409,Monitor
1447288450.7,2013-05-26,PORT04,V444_1,1,DTD,5,0,V55555555555555_8,1689549,PLANT03,PORT09,275,1.9168708781045667,2013-05,Sunday,0,1,0,0.007,On time,0.5869,Monitor
1447296254.7,2013-05-26,PORT04,V444_0,2,DTP,0,0,V555555555_27,1685212,PLANT03,PORT09,731,8.28,2013-05,Sunday,0,0,1,0.0113,On time,0.4458,Monitor
1447304799.7,2013-05-26,PORT04,V44_3,2,CRF,3,0,V55555_2,1674853,PLANT03,PORT09,287,1.8332937685459934,2013-05,Sunday,0,1,0,0.0064,On time,0.4257,Monitor
1447342346.7,2013-05-26,PORT04,V444_1,1,DTD,0,0,V555555555555555555_45,1700366,PLANT03,PORT09,295,2.8994706708436855,2013-05,Sunday,0,0,1,0.0098,On time,0.4622,Monitor
1447183494.7,2013-05-26,PORT04,V444_0,2,DTP,0,0,V555555555_27,1662552,PLANT03,PORT09,2318,6.22,2013-05,Sunday,0,0,1,0.0027,On time,0.4888,Monitor
1447182387.7,2013-05-26,PORT04,V44_3,0,CRF,3,0,V55555555_32,1699241,PLANT03,PORT09,3842,35.81999999999999,2013-05,Sunday,0,1,0,0.0093,On time,0.7332,High efficiency
1447189614.7,2013-05-26,PORT04,V444_0,2,DTP,3,0,V5555555_12,1662552,PLANT03,PORT09,264,0.027520573679041087,2013-05,Sunday,0,1,0,0.0001,On time,0.4142,Monitor
1447209042.7,2013-05-26,PORT04,V44_3,0,CRF,3,0,V55555555_32,1699697,PLANT03,PORT09,15305,9.92362123154955,2013-05,Sunday,0,1,0,0.0006,On time,0.7485,High efficiency
1447146534.7,2013-05-26,PORT04,V444_0,2,DTP,3,0,V55555_4,1643057,PLANT03,PORT09,3490,35.250447802593314,2013-05,Sunday,0,1,0,0.0101,On time,0.5811,Monitor
1447308591.7,2013-05-26,PORT09,V44_3,1,CRF,3,0,V55555_53,1699337,PLANT16,PORT09,304,9.27,2013-05,Sunday,0,1,0,0.0305,On time,0.5537,Monitor
1447179953.7,2013-05-26,PORT04,V444_1,1,DTD,0,0,V555555555555555555_45,1682805,PLANT03,PORT09,542,24.774492439869725,2013-05,Sunday,0,0,1,0.0457,On time,0.5464,Monitor
1447390286.7,2013-05-26,PORT04,V444_0,2,DTP,3,0,V5555555_22,1697872,PLANT03,PORT09,379,2.8817374379046767,2013-05,Sunday,0,1,0,0.0076,On time,0.4826,Monitor
1447347959.7,2013-05-26,PORT04,V444_0,2,DTP,3,1,V555_15,1699976,PLANT03,PORT09,279,0.2217245558366308,2013-05,Sunday,1,1,0,0.0008,Minor delay,0.2481,Needs improvement
1447334668.7,2013-05-26,PORT04,V444_0,2,DTP,3,0,V55555_4,1658528,PLANT03,PORT09,406,2.149776521025266,2013-05,Sunday,0,1,0,0.0053,On time,0.4908,Monitor
1447180377.7,2013-05-26,PORT04,V444_0,2,DTP,0,0,V5555_33,1661119,PLANT12,PORT09,366,7.201928941152622,2013-05,Sunday,0,0,1,0.0197,On time,0.3913,Monitor
1447379196.7,2013-05-26,PORT04,V44_3,0,CRF,0,0,V5555555_30,1699552,PLANT03,PORT09,1539,3.627087056757666,2013-05,Sunday,0,0,1,0.0024,On time,0.6289,Monitor
1447374835.7,2013-05-26,PORT04,V444_0,2,DTP,0,0,V55555555555_28,1678000,PLANT03,PORT09,40295,20.339315571491365,2013-05,Sunday,0,0,1,0.0005,On time,0.517,Monitor
1447193197.7,2013-05-26,PORT04,V444_1,1,DTD,5,0,V55555555555555_8,1690616,PLANT03,PORT09,246,0.47135044828415773,2013-05,Sunday,0,1,0,0.0019,On time,0.5749,Monitor
1447323917.7,2013-05-26,PORT04,V444_0,2,DTP,3,0,V555555_6,1689469,PLANT03,PORT09,323,0.20416436242042316,2013-05,Sunday,0,1,0,0.0006,On time,0.45,Monitor
1447389077.7,2013-05-26,PORT04,V444_0,2,DTP,3,0,V55555_4,1677878,PLANT03,PORT09,1636,4.86,2013-05,Sunday,0,1,0,0.003,On time,0.5639,Monitor
1447146544.7,2013-05-26,PORT04,V444_0,2,DTP,3,0,V55555_4,1651302,PLANT03,PORT09,381,0.6639604398848624,2013-05,Sunday,0,1,0,0.0017,On time,0.4833,Monitor
1447240714.7,2013-05-26,PORT04,V444_1,1,DTD,5,0,V55555555555555_8,1676565,PLANT03,PORT09,441,2.7785787163364586,2013-05,Sunday,0,1,0,0.0063,On time,0.6668,High efficiency
1447194512.7,2013-05-26,PORT04,V444_1,1,DTD,5,0,V55555555555555_8,1700382,PLANT03,PORT09,313,4.5478339350180494,2013-05,Sunday,0,1,0,0.0145,On time,0.61,Monitor
1447304542.7,2013-05-26,PORT04,V444_0,2,DTP,0,0,V55_13,1668545,PLANT03,PORT09,614,3.370491269190203,2013-05,Sunday,0,0,1,0.0055,On time,0.4364,Monitor
1447191656.7,2013-05-26,PORT04,V444_0,2,DTP,0,0,V5555_25,1699946,PLANT03,PORT09,368,2.2760187547432396,2013-05,Sunday,0,0,1,0.0062,On time,0.3922,Monitor
1447371710.7,2013-05-26,PORT04,V444_1,1,DTD,5,0,V55555555555555_8,1688589,PLANT03,PORT09,310,2.740530662490569,2013-05,Sunday,0,1,0,0.0088,On time,0.6078,Monitor
1447292661.7,2013-05-26,PORT04,V444_1,1,DTD,5,0,V55555555555555_8,1689547,PLANT03,PORT09,702,28.79450874925531,2013-05,Sunday,0,1,0,0.041,On time,0.6966,High efficiency
1447182490.7,2013-05-26,PORT04,V444_0,2,DTP,3,0,V55555555_5,1696075,PLANT03,PORT09,1287,5.828514362117512,2013-05,Sunday,0,1,0,0.0045,On time,0.5567,Monitor
1447206311.7,2013-05-26,PORT04,V444_0,2,DTP,3,0,V555555_6,1615677,PLANT03,PORT09,349,0.7907551835647708,2013-05,Sunday,0,1,0,0.0023,On time,0.4689,Monitor
1447183407.7,2013-05-26,PORT04,V444_0,2,DTP,3,0,V55555_2,1667817,PLANT03,PORT09,2755,39.98,2013-05,Sunday,0,1,0,0.0145,On time,0.5765,Monitor
1447265524.7,2013-05-26,PORT04,V444_0,2,DTP,3,0,V55555555_5,1700142,PLANT03,PORT09,52324,56.06634101591837,2013-05,Sunday,0,1,0,0.0011,On time,0.6038,Monitor
1447158062.7,2013-05-26,PORT04,V444_1,1,DTD,5,0,V55555555555555_8,1689541,PLANT03,PORT09,470,27.9,2013-05,Sunday,0,1,0,0.0594,On time,0.6715,High efficiency
1447386497.7,2013-05-26,PORT04,V444_0,2,DTP,3,1,V555_15,1655818,PLANT03,PORT09,2313,6.08,2013-05,Sunday,1,1,0,0.0026,Minor delay,0.4005,Monitor
1447339210.7,2013-05-26,PORT04,V444_0,2,DTP,3,0,V55555_4,1675655,PLANT03,PORT09,302,0.19362218090695973,2013-05,Sunday,0,1,0,0.0006,On time,0.4357,Monitor
1447265535.7,2013-05-26,PORT04,V444_0,2,DTP,0,0,V55555555555_28,1666524,PLANT03,PORT09,50251,27.597459183281,2013-05,Sunday,0,0,1,0.0005,On time,0.5181,Monitor
1447355124.7,2013-05-26,PORT04,V444_0,2,DTP,3,0,V555555_6,1649002,PLANT03,PORT09,590,3.04,2013-05,Sunday,0,1,0,0.0052,On time,0.5192,Monitor
1447149300.7,2013-05-26,PORT04,V444_0,2,DTP,3,0,V5555555_22,1683200,PLANT03,PORT09,595,8.395955687830686,2013-05,Sunday,0,1,0,0.0141,On time,0.5197,Monitor
1447251337.7,2013-05-26,PORT04,V444_1,1,DTD,5,0,V55555555555555_8,1689550,PLANT03,PORT09,326,3.680084353310096,2013-05,Sunday,0,1,0,0.0113,On time,0.6193,Monitor
1447261798.7,2013-05-26,PORT04,V444_1,1,DTD,5,0,V55555555555555_8,1658528,PLANT03,PORT09,527,3.62,2013-05,Sunday,0,1,0,0.0069,On time,0.6806,High efficiency
1447240599.7,2013-05-26,PORT04,V444_0,2,DTP,3,0,V555555555_3,1691544,PLANT03,PORT09,309,2.2494088269928976,2013-05,Sunday,0,1,0,0.0073,On time,0.4398,Monitor
1447226276.7,2013-05-26,PORT04,V444_1,1,DTD,0,0,V5555555_22,1680915,PLANT03,PORT09,430,4.24931538691587,2013-05,Sunday,0,0,1,0.0099,On time,0.528,Monitor
1447183508.7,2013-05-26,PORT04,V444_0,2,DTP,3,0,V55555_2,1677878,PLANT03,PORT09,3243,9.9,2013-05,Sunday,0,1,0,0.0031,On time,0.5791,Monitor
1447137091.7,2013-05-26,PORT04,V444_0,2,DTP,0,0,V5555_33,1677891,PLANT03,PORT09,2650,6.9,2013-05,Sunday,0,0,1,0.0026,On time,0.4905,Monitor
